{"filesMd5":[{"android":"weex-eros-version","iOS":"weex-eros-version","page":"/pages/eros-demos/index.js","md5":"d43be4fd936a3f513ab0a3068dbbe0b6"},{"android":"weex-eros-version","iOS":"weex-eros-version","page":"/pages/eros-demos/tab1/tab-page/index.js","md5":"8d7a116ec19ac3eb93134ed4a74f381c"},{"android":"weex-eros-version","iOS":"weex-eros-version","page":"/pages/eros-demos/tab2/button.js","md5":"6624347b407fe451c9222fb2efb04972"},{"android":"weex-eros-version","iOS":"weex-eros-version","page":"/pages/eros-demos/tab2/header.js","md5":"e62c1274d30866a13b603c831bab75ff"},{"android":"weex-eros-version","iOS":"weex-eros-version","page":"/pages/eros-demos/tab2/icon.js","md5":"af85be42eea17378c9ed972e62a36a92"},{"android":"weex-eros-version","iOS":"weex-eros-version","page":"/pages/eros-demos/tab2/image.js","md5":"38113c92a4a572f2b1160f73ec20ff31"},{"android":"weex-eros-version","iOS":"weex-eros-version","page":"/pages/eros-demos/tab2/index.js","md5":"af9752883bfdb2b1f45377f060602516"},{"android":"weex-eros-version","iOS":"weex-eros-version","page":"/pages/eros-demos/tab3/amap.js","md5":"18a619edde35a2119ae2bcaeb572e204"},{"android":"weex-eros-version","iOS":"weex-eros-version","page":"/pages/eros-demos/tab2/tabbar.js","md5":"919577858bc541ec2943474c39dfe715"},{"android":"weex-eros-version","iOS":"weex-eros-version","page":"/pages/eros-demos/tab3/index.js","md5":"42a34b00e11df71a4445c1cd58d960d2"},{"android":"weex-eros-version","iOS":"weex-eros-version","page":"/pages/eros-demos/tab2/tip.js","md5":"d35991c1979ade250b8b10dd724bb309"},{"android":"weex-eros-version","iOS":"weex-eros-version","page":"/pages/eros-demos/tab4/index.js","md5":"3e86611f19b26e87ec2678565823dd85"},{"android":"weex-eros-version","iOS":"weex-eros-version","page":"/pages/eros-demos/tab4/demo/index.js","md5":"8f5bdb37c1e4e0f222c7334e2f485ac7"},{"android":"weex-eros-version","iOS":"weex-eros-version","page":"/pages/eros-demos/tab4/waterfall.js","md5":"1822680d7f835ae85c81680106a977b6"},{"android":"weex-eros-version","iOS":"weex-eros-version","page":"/pages/eros-demos/tab3/router.js","md5":"b5e12800fca0d97b4187d1cbcf4db432"},{"android":"weex-eros-version","iOS":"weex-eros-version","page":"/pages/meditor/index.js","md5":"c551965732806a128f9257142dc958da"},{"android":"weex-eros-version","iOS":"weex-eros-version","page":"/iconfont/iconfont.ttf","md5":"ec86bfe5bdb872bad2b2af4f11da14f4"}],"android":"weex-eros-version","iOS":"weex-eros-version","appName":"weex-eros-template","jsVersion":"2222c45b327b34f1c09bed31a451a45f","timestamp":1507863851577,"jsPath":false}
