{"filesMd5":[{"android":"0.0.0","iOS":"0.0.0","page":"/pages/app/index.js","md5":"2389f9f49d528e00d99b03e215150502"},{"android":"0.0.0","iOS":"0.0.0","page":"/pages/app/Tab2.js","md5":"6d8316a1e024c0ef54c8976d2652358e"},{"android":"0.0.0","iOS":"0.0.0","page":"/pages/app/Tab1.js","md5":"c6b222eb99112e2efab581d9c612c7cf"},{"android":"0.0.0","iOS":"0.0.0","page":"/pages/app/Tab3.js","md5":"d3e76f52293da8b7d858986920756d64"},{"android":"0.0.0","iOS":"0.0.0","page":"/pages/app/Tab4.js","md5":"2a534656e9a31209db919bff47cb079e"},{"android":"0.0.0","iOS":"0.0.0","page":"/pages/app/vue-weekly/VueWeekly.js","md5":"a908e2e5f536499e5e5aa16ef4af8214"},{"android":"0.0.0","iOS":"0.0.0","page":"/pages/app/zhihu/ZhihuDaily.js","md5":"8fb0c636b8298287c767eaae87b94dd8"},{"android":"0.0.0","iOS":"0.0.0","page":"/pages/app/vue-weekly/VueWeeklyWeb.js","md5":"c8737ef8fdb6e385d9af2575a75a4328"},{"android":"0.0.0","iOS":"0.0.0","page":"/pages/meditor/index.js","md5":"d59949e77ab7f50a726aead31042303e"}],"android":"0.0.0","iOS":"0.0.0","appName":"micro-in","jsVersion":"8bdf9b28c4a6ca8e039e379dc3f3185c","timestamp":1508490238139,"jsPath":false}
