{"filesMd5":[{"android":"0.0.0","iOS":"0.0.0","page":"/pages/eros-demos/tab2/button.js","md5":"f3dacb881bdd40a2c2ec23ffd75c56e7"},{"android":"0.0.0","iOS":"0.0.0","page":"/pages/eros-demos/index.js","md5":"640b0ee6f1f1ed3e33eded49fee5350e"},{"android":"0.0.0","iOS":"0.0.0","page":"/pages/eros-demos/tab1/tab-page/index.js","md5":"d23f1ef63d020b6a317466dea8dc75dc"},{"android":"0.0.0","iOS":"0.0.0","page":"/pages/eros-demos/tab2/header.js","md5":"79cde2ac3044c3b762211e582e70870a"},{"android":"0.0.0","iOS":"0.0.0","page":"/pages/eros-demos/tab2/index.js","md5":"9b7407d53083fc75d0dcbffbf43ebb12"},{"android":"0.0.0","iOS":"0.0.0","page":"/pages/eros-demos/tab2/tabbar.js","md5":"c1b6b1ac5ba995efe8056b034c9bdd68"},{"android":"0.0.0","iOS":"0.0.0","page":"/pages/eros-demos/tab2/image.js","md5":"c032f035533993bb652dd3e42be85f54"},{"android":"0.0.0","iOS":"0.0.0","page":"/pages/eros-demos/tab2/icon.js","md5":"f13864a228afa6e0038bdd8c73de1ab1"},{"android":"0.0.0","iOS":"0.0.0","page":"/pages/eros-demos/tab3/amap.js","md5":"668d898f59043810215abdd789072b3a"},{"android":"0.0.0","iOS":"0.0.0","page":"/pages/eros-demos/tab4/demo/index.js","md5":"85d1c9ff7f890d46b1d3a05e35768c31"},{"android":"0.0.0","iOS":"0.0.0","page":"/pages/eros-demos/tab3/index.js","md5":"ea233d5b3a6011c7d5abaca051601fa1"},{"android":"0.0.0","iOS":"0.0.0","page":"/pages/eros-demos/tab2/tip.js","md5":"d4a253968c61788ffb5611d690eb5ad7"},{"android":"0.0.0","iOS":"0.0.0","page":"/pages/meditor/index.js","md5":"14b38d3456d7da08be2bc10d78c26299"},{"android":"0.0.0","iOS":"0.0.0","page":"/pages/eros-demos/tab4/index.js","md5":"25ea0ad26d51062cbea6734540adca5f"},{"android":"0.0.0","iOS":"0.0.0","page":"/pages/eros-demos/tab3/router.js","md5":"2eeee4af4304092b65dff6852bacb959"},{"android":"0.0.0","iOS":"0.0.0","page":"/pages/eros-demos/tab4/waterfall.js","md5":"2873c22ba101e060401f07f31c574a5a"},{"android":"0.0.0","iOS":"0.0.0","page":"/iconfont/iconfont.ttf","md5":"fcfd6fc55b5308c896fadc1c08c4b1b0"}],"android":"0.0.0","iOS":"0.0.0","appName":"micro-in","jsVersion":"6b4fd832b6532924e4eb707a483a3add","timestamp":1508143837747,"jsPath":false}
