{"filesMd5":[{"android":"0.0.0","iOS":"0.0.0","page":"/pages/app/index.js","md5":"81bb70017b2f9c6fe82322f7eeece1d8"},{"android":"0.0.0","iOS":"0.0.0","page":"/pages/meditor/index.js","md5":"caf7a31dae1770a16f373c55509ff748"},{"android":"0.0.0","iOS":"0.0.0","page":"/iconfont/demo.css","md5":"4b4695a719f5cad95de26a9e79d0878e"},{"android":"0.0.0","iOS":"0.0.0","page":"/iconfont/demo_fontclass.html","md5":"1be6befb737d666bd9e6d0c065713458"},{"android":"0.0.0","iOS":"0.0.0","page":"/iconfont/demo_symbol.html","md5":"6b98f68301be8ec91cfa3a95ce1dd229"},{"android":"0.0.0","iOS":"0.0.0","page":"/iconfont/demo_unicode.html","md5":"0f4ef54601ea260b658e810ac7efacc7"},{"android":"0.0.0","iOS":"0.0.0","page":"/iconfont/iconfont.css","md5":"0de6a9949802d53882f51df2ea331599"},{"android":"0.0.0","iOS":"0.0.0","page":"/iconfont/iconfont.ttf","md5":"1e713b4b7e49301704b5f649d127d4e8"}],"android":"0.0.0","iOS":"0.0.0","appName":"micro-in","jsVersion":"83bd2e70abb200fffe9c5eb514c89053","timestamp":1508226777055,"jsPath":false}
